IRIDIUM;33;;;;;;;
1;24946U;97051C;16151.3181;0.00000112;00000-0;33422-4;0;9992
2;24946;86.3885;87.0047;9813;58.356;301.8591;14.3349159;
IRIDIUM;33;DEB;;;;;;
1;33772U;97051K;16151.41806;0.00014099;00000-0;22011-2;0;9992
2;33772;86.4133;92.8436;30722;12.7445;126.3848;14.72456866;
IRIDIUM;33;DEB;;;;;;
1;33773U;97051L;16151.3591;0.00000287;00000-0;88318-4;0;9995
2;33773;86.4032;86.15;13832;86.8691;273.4089;14.37910641;
IRIDIUM;33;DEB;;;;;;
1;33775U;97051N;16151.21473;0.00000411;00000-0;13874-3;0;9997
2;33775;86.3694;82.1465;16340;50.771;74.9916;14.34490077;
IRIDIUM;33;DEB;;;;;;
1;33776U;97051P;16151.38335;0.00000301;00000-0;10168-3;0;9996
2;33776;86.4063;94.3596;16737;57.5197;60.4348;14.33565803;
IRIDIUM;33;DEB;;;;;;
1;33777U;97051Q;16151.33593;0.0000076;00000-0;23197-3;0;9996
2;33777;86.387;79.6614;2250;236.575;123.5235;14.4067674;
IRIDIUM;33;DEB;;;;;;
1;33849U;97051S;16152.17336;0.00004579;00000-0;13558-2;0;9997
2;33849;86.1078;26.2021;62084;238.1573;121.3574;14.42099623;
IRIDIUM;33;DEB;;;;;;
1;33850U;97051T;16151.86922;0.00000402;00000-0;13345-3;0;9998
2;33850;86.3462;73.5358;14552;56.073;11.5241;14.35196482;
IRIDIUM;33;DEB;;;;;;
1;33853U;97051W;16151.50488;0.00000329;00000-0;20138-3;0;9996
2;33853;86.0047;57.8957;243335;357.3225;54.4895;13.89496063;
IRIDIUM;33;DEB;;;;;;
1;33854U;97051X;16151.82343;0.00002874;00000-0;56609-3;0;9991
2;33854;86.2301;11.434;13600;10.8401;79.5898;14.62180433;
IRIDIUM;33;DEB;;;;;;
1;33855U;97051Y;16152.13852;0.00010093;00000-0;26552-2;0;9995
2;33855;86.3811;130.2066;86119;28.9198;331.6736;14.46782028;
IRIDIUM;33;DEB;;;;;;
1;33858U;97051AB;16151.58085;0.00010542;00000-0;12563-2;0;9998
2;33858;86.1368;338.0046;25140;246.0246;176.8575;14.83988943;
IRIDIUM;33;DEB;;;;;;
1;33859U;97051AC;16150.8294;-0.00000252;00000-0;-87893;0;9996
2;33859;86.3462;79.4502;47612;84.3281;358.2736;14.38703112;
IRIDIUM;33;DEB;;;;;;
1;33860U;97051AD;16151.18151;0.00000644;00000-0;18398-3;0;9992
2;33860;86.395;79.2575;17417;69.0555;39.4842;14.43552787;
IRIDIUM;33;DEB;;;;;;
1;33862U;97051AF;16151.8708;0.00000688;00000-0;18874-3;0;9990
2;33862;86.4167;83.956;50696;203.4264;217.7316;14.44927542;
IRIDIUM;33;DEB;;;;;;
1;33864U;97051AH;16151.21462;0.00001199;00000-0;31728-3;0;9996
2;33864;86.2804;43.5487;5666;272.1633;212.7837;14.48044138;
IRIDIUM;33;DEB;;;;;;
1;33865U;97051AJ;16151.85791;0.00003974;00000-0;81040-3;0;9996
2;33865;86.3494;62.4091;43891;5.452;84.6633;14.60142619;
IRIDIUM;33;DEB;;;;;;
1;33866U;97051AK;16152.09388;0.00000267;00000-0;12293-3;0;9991
2;33866;86.3015;103.0454;133984;18.7601;107.7202;14.12648442;
IRIDIUM;33;DEB;;;;;;
1;33867U;97051AL;16151.82389;0.00001636;00000-0;37724-3;0;9999
2;33867;86.4196;73.6796;31964;64.4093;296.0411;14.54416345;
IRIDIUM;33;DEB;;;;;;
1;33868U;97051AM;16151.44014;0.00069443;00000-0;29862-2;0;9990
2;33868;86.3126;24.2614;4987;75.3107;338.4125;15.22347441;
IRIDIUM;33;DEB;;;;;;
1;33869U;97051AN;16151.89347;0.00003376;00000-0;11023-2;0;9999
2;33869;86.3673;103.048;78410;175.9129;184.2726;14.3660214;
IRIDIUM;33;DEB;;;;;;
1;33870U;97051AP;16151.88315;0.00000566;00000-0;19333-3;0;9991
2;33870;86.3808;88.0709;26095;76.1668;346.9681;14.34424283;
IRIDIUM;33;DEB;;;;;;
1;33872U;97051AR;16151.65466;0.00032186;00000-0;20121-2;0;9999
2;33872;86.3061;23.2861;1202;267.765;92.345;15.09299479;
IRIDIUM;33;DEB;;;;;;
1;33873U;97051AS;16151.21507;0.00001564;00000-0;36167-3;0;9995
2;33873;86.3706;65.964;24311;48.713;311.6165;14.54407755;
IRIDIUM;33;DEB;;;;;;
1;33874U;97051AT;16151.91079;0.00001293;00000-0;48196-3;0;9991
2;33874;86.2908;81.9152;79927;234.1312;170.1418;14.29523318;
IRIDIUM;33;DEB;;;;;;
1;33875U;97051AU;16151.21791;0.00002612;00000-0;46146-3;0;9991
2;33875;86.4107;59.4179;32480;317.6429;194.5834;14.66731478;
IRIDIUM;33;DEB;;;;;;
1;33876U;97051AV;16152.15545;0.00007225;00000-0;10985-2;0;9995
2;33876;86.205;9.3961;19793;317.7261;165.7861;14.73757923;
IRIDIUM;33;DEB;;;;;;
1;33878U;97051AX;16151.29108;0.00004696;00000-0;14997-2;0;9994
2;33878;86.3104;93.3975;102668;227.535;131.7136;14.36532224;
IRIDIUM;33;DEB;;;;;;
1;33879U;97051AY;16151.49883;0.00002518;00000-0;45235-3;0;9994
2;33879;86.3616;56.1322;19279;342.1642;17.8892;14.662075;
IRIDIUM;33;DEB;;;;;;
1;33881U;97051BA;16151.20146;0.00000978;00000-0;41262-3;0;9997
2;33881;86.3882;117.6196;81667;293.7739;159.0243;14.22959106;
IRIDIUM;33;DEB;;;;;;
1;33882U;97051BB;16126.9918;0.25361561;-14387;84206-2;0;9998
2;33882;86.2834;13.8337;14926;290.6744;70.3323;16.25599141;
IRIDIUM;33;DEB;;;;;;
1;33884U;97051BD;16152.23801;0.00001288;00000-0;36170-3;0;9991
2;33884;86.3834;74.2318;9124;171.1584;350.8816;14.45228371;
IRIDIUM;33;DEB;;;;;;
1;33886U;97051BF;16151.20622;0.00000177;00000-0;57077-4;0;9992
2;33886;86.385;87.3944;16770;82.4101;42.0476;14.33118088;
IRIDIUM;33;DEB;;;;;;
1;33887U;97051BG;16151.86349;0.00000122;00000-0;35916-4;0;9992
2;33887;86.3071;58.9233;8953;90.1781;356.1609;14.34820713;
IRIDIUM;33;DEB;;;;;;
1;33888U;97051BH;16152.21658;0.00001594;00000-0;51202-3;0;9993
2;33888;86.3255;78.3608;56309;112.4995;248.2177;14.37935274;
IRIDIUM;33;DEB;;;;;;
1;33950U;97051BK;16152.19398;0.00004606;00000-0;10279-2;0;9993
2;33950;86.3841;75.2704;16019;325.0376;34.9779;14.56581033;
IRIDIUM;33;DEB;;;;;;
1;33951U;97051BL;16151.2066;0.00057162;00000-0;35367-2;0;9991
2;33951;86.4164;80.8706;3831;112.3496;25.4333;15.09563592;
IRIDIUM;33;DEB;;;;;;
1;33952U;97051BM;16150.76844;0.00002201;00000-0;52568-3;0;9990
2;33952;86.3542;64.3696;18393;29.9284;330.2969;14.53172602;
IRIDIUM;33;DEB;;;;;;
1;33953U;97051BN;16151.36064;0.0000082;00000-0;26570-3;0;9996
2;33953;86.3942;89.1533;25701;75.314;53.4232;14.37654086;
IRIDIUM;33;DEB;;;;;;
1;33954U;97051BP;16152.16685;0.00004241;00000-0;10065-2;0;9993
2;33954;86.3827;82.5542;13269;344.049;115.8477;14.53728669;
IRIDIUM;33;DEB;;;;;;
1;33955U;97051BQ;16151.51566;0.00008613;00000-0;17898-2;0;9994
2;33955;86.3622;83.8132;44097;36.8935;323.5294;14.59389984;
IRIDIUM;33;DEB;;;;;;
1;33956U;97051BR;16151.34955;0.00009624;00000-0;17715-2;0;9998
2;33956;86.4143;91.329;11324;148.3469;328.3746;14.6546512;
IRIDIUM;33;DEB;;;;;;
1;33959U;97051BU;16150.86951;-0.00000646;00000-0;-24832;0;9994
2;33959;86.3581;102.1383;76123;204.6062;155.1493;14.30431604;
IRIDIUM;33;DEB;;;;;;
1;33960U;97051BV;16152.23596;0.00001256;00000-0;35100-3;0;9991
2;33960;86.2754;41.267;2102;84.7222;40.143;14.4547835;
IRIDIUM;33;DEB;;;;;;
1;33961U;97051BW;16151.46086;0.00004423;00000-0;91665-3;0;9995
2;33961;86.2736;40.2916;31139;9.0092;351.167;14.59735966;
IRIDIUM;33;DEB;;;;;;
1;33962U;97051BX;16151.83664;0.00004168;00000-0;90723-3;0;9993
2;33962;86.3543;63.8374;13006;20.5183;65.5924;14.57732979;
IRIDIUM;33;DEB;;;;;;
1;33964U;97051BZ;16151.66964;0.00023557;00000-0;19230-2;0;9995
2;33964;86.3244;36.2888;16942;27.5257;27.5095;14.99196455;
IRIDIUM;33;DEB;;;;;;
1;33965U;97051CA;16151.27966;0.00002244;00000-0;58984-3;0;9992
2;33965;86.3717;72.8751;10988;7.0373;353.0983;14.487205;
IRIDIUM;33;DEB;;;;;;
1;33966U;97051CB;16152.17161;0.00000432;00000-0;13089-3;0;9995
2;33966;86.3972;81.3676;7247;182.1296;278.1708;14.40060937;
IRIDIUM;33;DEB;;;;;;
1;33967U;97051CC;16151.45403;0.00002317;00000-0;49796-3;0;9997
2;33967;86.3877;73.8872;36561;336.7436;23.2117;14.5775818;
IRIDIUM;33;DEB;;;;;;
1;34071U;97051CE;16152.16179;0.00000537;00000-0;16823-3;0;9994
2;34071;86.3506;69.9348;10497;73.5997;286.6354;14.38781752;
IRIDIUM;33;DEB;;;;;;
1;34075U;97051CJ;16151.32736;0.00129429;00000-0;52559-2;0;9992
2;34075;86.4478;86.9451;10912;172.7767;187.3637;15.23985369;
IRIDIUM;33;DEB;;;;;;
1;34076U;97051CK;16151.83693;0.00006669;00000-0;91418-3;0;9997
2;34076;86.3342;32.8494;43046;291.5383;196.656;14.77663361;
IRIDIUM;33;DEB;;;;;;
1;34077U;97051CL;16152.13496;0.00001083;00000-0;34972-3;0;9998
2;34077;86.3961;90.8494;21793;39.5834;57.3505;14.38150449;
IRIDIUM;33;DEB;;;;;;
1;34079U;97051CN;16151.83905;0.00001234;00000-0;33198-3;0;9990
2;34079;86.3916;75.3979;10297;148.0297;270.9259;14.47283867;
IRIDIUM;33;DEB;;;;;;
1;34081U;97051CQ;16152.19107;0.00011489;00000-0;10883-2;0;9991
2;34081;86.3037;23.2575;32618;338.8244;147.2531;14.93100206;
IRIDIUM;33;DEB;;;;;;
1;34082U;97051CR;16151.11847;0.00007902;00000-0;21569-2;0;9993
2;34082;86.3684;126.9896;148656;10.5671;349.8592;14.40848482;
IRIDIUM;33;DEB;;;;;;
1;34086U;97051CV;16151.29976;0.00002314;00000-0;71673-3;0;9994
2;34086;86.3876;93.0905;31570;64.3007;88.7955;14.40531585;
IRIDIUM;33;DEB;;;;;;
1;34088U;97051CX;16152.22925;0.00001482;00000-0;43412-3;0;9993
2;34088;86.4035;86.2995;12213;43.0263;81.4295;14.43284583;
IRIDIUM;33;DEB;;;;;;
1;34090U;97051CZ;16151.27435;0.00006034;00000-0;80528-3;0;9993
2;34090;86.4158;63.4474;17837;13.9155;346.2554;14.79321782;
IRIDIUM;33;DEB;;;;;;
1;34091U;97051DA;16151.13683;0.00001145;00000-0;43896-3;0;9990
2;34091;86.3694;104.2666;68229;217.66;270.2945;14.28502547;
IRIDIUM;33;DEB;;;;;;
1;34093U;97051DC;16152.08231;0.00008314;00000-0;83897-3;0;9997
2;34093;86.2971;12.6376;19282;204.3185;316.5308;14.90831227;
IRIDIUM;33;DEB;;;;;;
1;34095U;97051DE;16151.30493;0.00004753;00000-0;11492-2;0;9994
2;34095;86.3817;85.9982;59411;42.2665;318.3096;14.51833059;
IRIDIUM;33;DEB;;;;;;
1;34097U;97051DG;16152.20325;0.00001205;00000-0;54560-3;0;9996
2;34097;86.2067;65.4136;101425;321.5071;165.3919;14.18580307;
IRIDIUM;33;DEB;;;;;;
1;34098U;97051DH;16151.53915;0.00004809;00000-0;78226-3;0;9990
2;34098;86.1377;343.3409;19006;326.4586;85.2809;14.70773036;
IRIDIUM;33;DEB;;;;;;
1;34099U;97051DJ;16151.25624;0.00003717;00000-0;84878-3;0;9995
2;34099;86.3669;72.1247;14934;333.5228;179.7759;14.55472374;
IRIDIUM;33;DEB;;;;;;
1;34101U;97051DL;16152.18918;0.00004292;00000-0;14896-2;0;9997
2;34101;86.378;122.6589;116090;324.9944;34.3656;14.31651911;
IRIDIUM;33;DEB;;;;;;
1;34102U;97051DM;16151.23733;0.00002516;00000-0;10445-2;0;9998
2;34102;86.3793;130.5196;122351;17.6736;42.8229;14.22169408;
IRIDIUM;33;DEB;;;;;;
1;34103U;97051DN;16151.842;0.00002785;00000-0;69057-3;0;9991
2;34103;86.3491;70.2407;16091;255.6332;140.858;14.51529233;
IRIDIUM;33;DEB;;;;;;
1;34104U;97051DP;16151.23403;0.00004648;00000-0;85596-3;0;9998
2;34104;86.3442;50.1275;18809;81.7056;36.0952;14.6528244;
IRIDIUM;33;DEB;;;;;;
1;34105U;97051DQ;16152.19264;0.0000604;00000-0;78908-3;0;9995
2;34105;86.3505;56.6879;12879;105.0396;255.2251;14.80279041;
IRIDIUM;33;DEB;;;;;;
1;34106U;97051DR;16151.29867;0.00001622;00000-0;42081-3;0;9999
2;34106;86.3647;66.4574;15243;160.5618;321.5443;14.4913634;
IRIDIUM;33;DEB;;;;;;
1;34107U;97051DS;16151.48474;0.00003177;00000-0;79335-3;0;9995
2;34107;86.384;72.6553;17185;163.9233;247.9066;14.51217687;
IRIDIUM;33;DEB;;;;;;
1;34143U;97051DW;16151.24135;0.00003484;00000-0;76613-3;0;9998
2;34143;86.3926;77.4769;11007;341.1155;181.7908;14.57236092;
IRIDIUM;33;DEB;;;;;;
1;34145U;97051DY;16152.21031;0.00000715;00000-0;27746-3;0;9993
2;34145;86.2204;52.5185;64537;210.0493;149.699;14.27446835;
IRIDIUM;33;DEB;;;;;;
1;34146U;97051DZ;16152.2274;0.00000587;00000-0;19670-3;0;9993
2;34146;86.2918;59.498;40629;109.1683;16.9393;14.35196344;
IRIDIUM;33;DEB;;;;;;
1;34147U;97051EA;16152.12882;0.00011994;00000-0;21002-2;0;9994
2;34147;86.4423;112.0083;68546;73.7139;287.16;14.66175759;
IRIDIUM;33;DEB;;;;;;
1;34148U;97051EB;16151.77647;0.00017609;00000-0;20267-2;0;9992
2;34148;86.394;69.2777;13978;48.0658;312.1755;14.85585755;
IRIDIUM;33;DEB;;;;;;
1;34150U;97051ED;16152.20193;0.00004471;00000-0;10994-2;0;9993
2;34150;86.4877;126.8765;80981;117.5091;303.7455;14.50096594;
IRIDIUM;33;DEB;;;;;;
1;34155U;97051EJ;16151.90072;0.00006233;00000-0;13818-2;0;9996
2;34155;86.474;111.3153;48453;12.6818;39.1465;14.56267623;
IRIDIUM;33;DEB;;;;;;
1;34156U;97051EK;16123.30374;0.08154418;11708+0;31923-1;0;9991
2;34156;86.2526;47.6431;16909;170.3484;189.8127;15.92663682;
IRIDIUM;33;DEB;;;;;;
1;34159U;97051EN;16150.84964;0.00000311;00000-0;10703-3;0;9997
2;34159;86.3544;81.2377;33065;118.2445;242.2094;14.32345351;
IRIDIUM;33;DEB;;;;;;
1;34160U;97051EP;16152.2021;0.00005112;00000-0;12397-2;0;9994
2;34160;86.4085;94.8893;31598;50.3087;48.8735;14.52484133;
IRIDIUM;33;DEB;;;;;;
1;34350U;97051ES;16151.8079;0.00000372;00000-0;11326-3;0;9996
2;34350;86.3317;61.1637;24886;90.0827;358.7915;14.39147937;
IRIDIUM;33;DEB;;;;;;
1;34351U;97051ET;16152.21528;0.00002751;00000-0;58302-3;0;9991
2;34351;86.4249;81.2734;42021;347.0072;13.0051;14.5833052;
IRIDIUM;33;DEB;;;;;;
1;34354U;97051EW;16151.64247;0.00007077;00000-0;11415-2;0;9994
2;34354;86.2146;20.6509;29826;223.5684;136.3177;14.71021698;
IRIDIUM;33;DEB;;;;;;
1;34358U;97051FA;16152.19741;0.00003263;00000-0;86670-3;0;9993
2;34358;86.3276;62.0985;5232;332.7545;190.3362;14.48396258;
IRIDIUM;33;DEB;;;;;;
1;34359U;97051FB;16151.76045;0.00004792;00000-0;84421-3;0;9994
2;34359;86.3604;58.5562;38510;133.6869;279.4471;14.6687699;
IRIDIUM;33;DEB;;;;;;
1;34361U;97051FD;16152.19629;0.00010041;00000-0;14665-2;0;9994
2;34361;86.3571;70.9657;21355;304.5937;55.3267;14.75491791;
IRIDIUM;33;DEB;;;;;;
1;34363U;97051FF;16151.52623;0.00004336;00000-0;11592-2;0;9991
2;34363;86.3524;83.6694;48781;94.5265;318.9561;14.4742326;
IRIDIUM;33;DEB;;;;;;
1;34366U;97051FJ;16150.88512;0.00000739;00000-0;24743-3;0;9994
2;34366;86.378;87.5452;30523;96.3395;330.5372;14.35765058;
IRIDIUM;33;DEB;;;;;;
1;34367U;97051FK;16151.39549;0.00004647;00000-0;10932-2;0;9998
2;34367;86.4163;94.5128;34483;26.8557;98.4664;14.53836078;
IRIDIUM;33;DEB;;;;;;
1;34368U;97051FL;16151.42695;0.00005736;00000-0;15520-2;0;9995
2;34368;86.3842;105.299;70556;157.3443;328.3714;14.46124418;
IRIDIUM;33;DEB;;;;;;
1;34375U;97051FT;16151.02836;0.00000316;00000-0;15131-3;0;9995
2;34375;86.431;138.8887;107617;334.902;87.9281;14.13029059;
IRIDIUM;33;DEB;;;;;;
1;34376U;97051FU;16151.20455;0.00001042;00000-0;35960-3;0;9990
2;34376;86.3139;73.1533;41527;119.1979;241.338;14.34461622;
IRIDIUM;33;DEB;;;;;;
1;34378U;97051FW;16152.1252;0.00004122;00000-0;11453-2;0;9992
2;34378;86.3551;94.4603;65243;144.342;216.2167;14.45006679;
IRIDIUM;33;DEB;;;;;;
1;34486U;97051GB;16151.81378;0.00001188;00000-0;30342-3;0;9990
2;34486;86.4135;78.2577;21533;44.6307;7.9092;14.49586387;
IRIDIUM;33;DEB;;;;;;
1;34487U;97051GC;16152.24127;0.00000194;00000-0;55173-4;0;9993
2;34487;86.3484;63.8085;34753;79.6002;43.9609;14.39585063;
IRIDIUM;33;DEB;;;;;;
1;34488U;97051GD;16151.70579;0.00001339;00000-0;31917-3;0;9998
2;34488;86.3488;53.2409;27947;26.8929;2.488;14.52810374;
IRIDIUM;33;DEB;;;;;;
1;34489U;97051GE;16151.19702;0.00002872;00000-0;98894-3;0;9999
2;34489;86.4149;122.275;79852;218.4488;141.1003;14.33883607;
IRIDIUM;33;DEB;;;;;;
1;34490U;97051GF;16150.90743;0.00004767;00000-0;79594-3;0;9991
2;34490;86.3267;58.4877;33743;305.5805;144.2266;14.69367186;
IRIDIUM;33;DEB;;;;;;
1;34492U;97051GH;16152.19713;0.00000017;00000-0;-26782;0;9993
2;34492;86.5044;221.8951;309213;94.2772;296.8442;13.84253914;
IRIDIUM;33;DEB;;;;;;
1;34493U;97051GJ;16152.16745;0.00003589;00000-0;75774-3;0;9995
2;34493;86.2693;42.5269;54538;267.2603;92.2363;14.58207042;
IRIDIUM;33;DEB;;;;;;
1;34496U;97051GM;16151.23688;0.00005451;00000-0;18426-2;0;9994
2;34496;86.3931;126.8053;95959;316.5982;42.7685;14.34162314;
IRIDIUM;33;DEB;;;;;;
1;34497U;97051GN;16150.82462;0.00000432;00000-0;19017-3;0;9994
2;34497;86.2829;84.2897;88918;296.6875;116.3327;14.19274334;
IRIDIUM;33;DEB;;;;;;
1;34503U;97051GU;16151.72889;0.00000738;00000-0;16369-3;0;9990
2;34503;86.3179;39.2961;9598;58.2028;302.0113;14.55778818;
IRIDIUM;33;DEB;;;;;;
1;34508U;97051GZ;16152.1754;0.00000539;00000-0;22393-3;0;9991
2;34508;86.3784;109.0669;77155;234.915;124.4789;14.23133715;
IRIDIUM;33;DEB;;;;;;
1;34511U;97051HC;16151.16507;0.00002217;00000-0;62926-3;0;9996
2;34511;86.3892;88.2718;28793;35.3398;30.563;14.44820999;
IRIDIUM;33;DEB;;;;;;
1;34517U;97051HJ;16151.52449;0.000076;00000-0;12850-2;0;9998
2;34517;86.3665;63.9146;7170;111.4602;302.2439;14.69246172;
IRIDIUM;33;DEB;;;;;;
1;34518U;97051HK;16151.26265;0.00007626;00000-0;13773-2;0;9995
2;34518;86.3905;77.2741;9507;36.6929;323.4933;14.66314976;
IRIDIUM;33;DEB;;;;;;
1;34520U;97051HM;16151.24212;0.00008286;00000-0;13865-2;0;9999
2;34520;86.3672;72.0217;18478;328.3986;31.6118;14.69616999;
IRIDIUM;33;DEB;;;;;;
1;34521U;97051HN;16152.23903;0.00000876;00000-0;26309-3;0;9998
2;34521;86.3885;79.7102;7381;358.5032;126.7604;14.41657246;
IRIDIUM;33;DEB;;;;;;
1;34522U;97051HP;16152.19774;0.00006038;00000-0;14885-2;0;9990
2;34522;86.3691;93.4908;61162;131.507;329.4539;14.50891744;
IRIDIUM;33;DEB;;;;;;
1;34524U;97051HR;16152.21811;0.00002665;00000-0;72251-3;0;9995
2;34524;86.3476;72.9688;38535;60.8184;299.6865;14.4689725;
IRIDIUM;33;DEB;;;;;;
1;34525U;97051HS;16151.85771;0.00000334;00000-0;10703-3;0;9994
2;34525;86.3769;80.3757;5592;21.8349;44.8156;14.36522072;
IRIDIUM;33;DEB;;;;;;
1;34526U;97051HT;16151.2362;0.00006466;00000-0;12482-2;0;9991
2;34526;86.3448;67.8492;22073;347.4207;165.9763;14.63177776;
IRIDIUM;33;DEB;;;;;;
1;34529U;97051HW;16151.29264;0.00000136;00000-0;38551-4;0;9994
2;34529;86.3674;73.7252;10530;110.0402;250.193;14.37550219;
IRIDIUM;33;DEB;;;;;;
1;34532U;97051HZ;16151.85473;0.00007239;00000-0;16527-2;0;9995
2;34532;86.3461;84.6364;61065;80.2348;280.5748;14.54490301;
IRIDIUM;33;DEB;;;;;;
1;34535U;97051JC;16150.85627;0.00004901;00000-0;80473-3;0;9995
2;34535;86.3384;47.0539;13731;326.2369;125.9708;14.70425617;
IRIDIUM;33;DEB;;;;;;
1;34538U;97051JF;16151.48565;0.00000733;00000-0;27289-3;0;9999
2;34538;86.2829;65.8506;44578;126.9179;286.8849;14.30156119;
IRIDIUM;33;DEB;;;;;;
1;34540U;97051JH;16152.21072;0.00001216;00000-0;30371-3;0;9997
2;34540;86.3243;45.7729;30754;46.6607;73.1968;14.50492529;
IRIDIUM;33;DEB;;;;;;
1;34593U;97051JK;16151.53308;0.00024142;00000-0;25619-2;0;9995
2;34593;86.363;72.5552;13201;15.794;109.1319;14.88884324;
IRIDIUM;33;DEB;;;;;;
1;34643U;97051JU;16152.20916;0.00002821;00000-0;73453-3;0;9993
2;34643;86.3851;82.5623;36924;46.6686;313.7585;14.48868796;
IRIDIUM;33;DEB;;;;;;
1;34648U;97051JZ;16152.12361;0.00000659;00000-0;45121-3;0;9991
2;34648;86.4157;192.6283;251258;83.5213;331.4802;13.83947756;
IRIDIUM;33;DEB;;;;;;
1;34651U;97051KC;16151.94177;0.00001332;00000-0;77231-3;0;9994
2;34651;86.2931;131.6143;192981;238.4923;119.7276;13.99290736;
IRIDIUM;33;DEB;;;;;;
1;34652U;97051KD;16152.20198;0.00000662;00000-0;18073-3;0;9997
2;34652;86.3387;56.1446;40316;43.8302;82.2404;14.45367554;
IRIDIUM;33;DEB;;;;;;
1;34657U;97051KJ;16151.71826;0.00023215;00000-0;18596-2;0;9999
2;34657;86.3055;33.2102;17575;44.2067;16.6151;14.99915152;
IRIDIUM;33;DEB;;;;;;
1;34690U;97051KM;16151.08478;0.00000667;00000-0;20074-3;0;9998
2;34690;86.3878;83.0599;11975;63.3939;65.6246;14.41147371;
IRIDIUM;33;DEB;;;;;;
1;34693U;97051KQ;16152.14867;0.00001331;00000-0;32316-3;0;9990
2;34693;86.3413;52.356;28812;22.8393;108.3929;14.51926344;
IRIDIUM;33;DEB;;;;;;
1;34696U;97051KT;16151.31504;0.00001767;00000-0;87315-3;0;9994
2;34696;86.208;89.4494;154497;111.1831;41.486;14.10796711;
IRIDIUM;33;DEB;;;;;;
1;34698U;97051KV;16151.68821;0.00238288;00000-0;57393-2;0;9993
2;34698;86.3033;44.1291;11142;73.9925;286.2555;15.40292104;
IRIDIUM;33;DEB;;;;;;
1;34702U;97051KZ;16152.13006;0.00001365;00000-0;28928-3;0;9996
2;34702;86.3108;33.2513;42078;322.373;37.4536;14.5795466;
IRIDIUM;33;DEB;;;;;;
1;34705U;97051LC;16152.18181;0.00007261;00000-0;15268-2;0;9995
2;34705;86.4759;116.6073;64044;31.7408;328.7636;14.58153759;
IRIDIUM;33;DEB;;;;;;
1;34706U;97051LD;16152.13678;0.00007689;00000-0;10013-2;0;9991
2;34706;86.3197;31.3749;28574;348.1084;138.9425;14.80206599;
IRIDIUM;33;DEB;;;;;;
1;34709U;97051LG;16151.44786;0.00025956;00000-0;20837-2;0;9991
2;34709;86.3196;39.1391;13292;130.6549;229.5841;14.99875737;
IRIDIUM;33;DEB;;;;;;
1;34764U;97051LH;16151.73261;0.00007906;00000-0;12290-2;0;9990
2;34764;86.3633;62.5358;1597;180.982;179.1394;14.72945113;
IRIDIUM;33;DEB;;;;;;
1;34765U;97051LJ;16151.24906;0.00000337;00000-0;11367-3;0;9994
2;34765;86.3425;74.5531;20317;80.6313;45.3735;14.33961106;
IRIDIUM;33;DEB;;;;;;
1;34773U;97051LS;16150.85696;0.00002145;00000-0;56016-3;0;9993
2;34773;86.4131;88.9561;14951;326.8667;87.1251;14.48991498;
IRIDIUM;33;DEB;;;;;;
1;34774U;97051LT;16151.22451;0.00002555;00000-0;59443-3;0;9997
2;34774;86.4319;88.0041;9772;231.4019;267.4556;14.54541638;
IRIDIUM;33;DEB;;;;;;
1;34775U;97051LU;16151.80696;0.00001866;00000-0;57440-3;0;9991
2;34775;86.3819;87.8283;34487;52.8327;337.7057;14.40685334;
IRIDIUM;33;DEB;;;;;;
1;34825U;97051LZ;16151.77285;0.00002516;00000-0;64717-3;0;9991
2;34825;86.3742;76.6609;14492;352.661;36.9882;14.49775578;
IRIDIUM;33;DEB;;;;;;
1;34827U;97051MB;16151.27385;0.00008783;00000-0;15132-2;0;9990
2;34827;86.3826;70.2022;25491;45.7177;113.056;14.68229123;
IRIDIUM;33;DEB;;;;;;
1;34833U;97051MH;16152.06626;0.00000725;00000-0;22732-3;0;9995
2;34833;86.3977;85.341;26044;80.3489;51.0407;14.39055939;
IRIDIUM;33;DEB;;;;;;
1;34868U;97051MN;16152.21713;0.00003365;00000-0;82373-3;0;9991
2;34868;86.5419;144.364;131725;147.9611;212.9688;14.47045126;
IRIDIUM;33;DEB;;;;;;
1;34869U;97051MP;16151.4248;0.00002474;00000-0;82094-3;0;9999
2;34869;86.4587;131.1391;81421;192.7967;296.9579;14.35578494;
IRIDIUM;33;DEB;;;;;;
1;34870U;97051MQ;16152.19604;0.00000936;00000-0;24328-3;0;9993
2;34870;86.3232;49.0062;33534;36.0866;118.0227;14.48298623;
IRIDIUM;33;DEB;;;;;;
1;34889U;97051MR;16150.75959;0.00003654;00000-0;78866-3;0;9998
2;34889;86.3705;71.3435;8749;332.4246;27.6498;14.58120896;
IRIDIUM;33;DEB;;;;;;
1;34890U;97051MS;16152.09251;0.00003948;00000-0;11855-2;0;9992
2;34890;86.3056;82.9072;76765;156.4727;204.0016;14.40794445;
IRIDIUM;33;DEB;;;;;;
1;34893U;97051MV;16151.31986;0.00024483;00000-0;26356-2;0;9994
2;34893;86.1359;7.4589;38996;9.656;350.5405;14.87797682;
IRIDIUM;33;DEB;;;;;;
1;34895U;97051MX;16151.49846;0.00037512;00000-0;22765-2;0;9996
2;34895;86.3927;62.6811;22772;180.5009;179.621;15.10142127;
IRIDIUM;33;DEB;;;;;;
1;34896U;97051MY;16151.49812;0.0000069;00000-0;17769-3;0;9997
2;34896;86.3377;51.2447;39067;30.4189;89.9721;14.48226701;
IRIDIUM;33;DEB;;;;;;
1;34897U;97051MZ;16151.51109;0.00044318;00000-0;32815-2;0;9993
2;34897;86.3958;69.9143;26180;27.1823;333.0774;15.02672095;
IRIDIUM;33;DEB;;;;;;
1;34898U;97051NA;16152.11812;0.00002296;00000-0;43585-3;0;9994
2;34898;86.3376;38.9078;26542;320.6335;39.2947;14.63586762;
IRIDIUM;33;DEB;;;;;;
1;34899U;97051NB;16151.84396;0.0000952;00000-0;17589-2;0;9993
2;34899;86.3961;85.7614;40580;23.7444;29.5204;14.6479625;
IRIDIUM;33;DEB;;;;;;
1;34926U;97051NF;16150.83652;0.00001464;00000-0;74835-3;0;9994
2;34926;86.1626;81.6893;167681;163.2731;264.8158;14.07948534;
IRIDIUM;33;DEB;;;;;;
1;34928U;97051NH;16150.03944;0.00001284;00000-0;28446-3;0;9995
2;34928;86.4047;66.6346;36208;27.8868;332.427;14.5600166;
IRIDIUM;33;DEB;;;;;;
1;34931U;97051NL;16151.71781;0.00099456;00000-0;42499-2;0;9994
2;34931;86.3261;47.5638;5949;134.2789;277.7141;15.22426169;
IRIDIUM;33;DEB;;;;;;
1;34983U;97051NP;16150.77626;0.00006237;00000-0;13317-2;0;9994
2;34983;86.3618;82.5475;44651;29.5051;330.8664;14.58107119;
IRIDIUM;33;DEB;;;;;;
1;34985U;97051NR;16151.84165;0.00000533;00000-0;18488-3;0;9999
2;34985;86.3738;86.0261;26677;90.8534;323.4064;14.33554891;
IRIDIUM;33;DEB;;;;;;
1;34986U;97051NS;16152.04334;0.0000325;00000-0;87400-3;0;9996
2;34986;86.3855;87.4282;34022;35.3715;324.9736;14.47447072;
IRIDIUM;33;DEB;;;;;;
1;34987U;97051NT;16151.71645;0.00004394;00000-0;66899-3;0;9994
2;34987;86.3411;44.7744;9866;19.0416;341.1168;14.73720724;
IRIDIUM;33;DEB;;;;;;
1;35049U;97051NV;16150.76396;0.00003149;00000-0;70816-3;0;9993
2;35049;86.375;66.2803;11996;159.4696;200.6996;14.56159423;
IRIDIUM;33;DEB;;;;;;
1;35050U;97051NW;16151.46116;0.00005936;00000-0;97509-3;0;9997
2;35050;86.3109;45.4591;21743;325.5472;34.4332;14.70345266;
IRIDIUM;33;DEB;;;;;;
1;35051U;97051NX;16150.5093;0.0000047;00000-0;15138-3;0;9991
2;35051;86.3287;66.6443;10945;34.607;325.5837;14.37160535;
IRIDIUM;33;DEB;;;;;;
1;35052U;97051NY;16151.55409;0.00000183;00000-0;56932-4;0;9998
2;35052;86.3336;67.0963;10512;319.3483;160.3695;14.35290457;
IRIDIUM;33;DEB;;;;;;
1;35054U;97051PA;16151.7238;0.00008429;00000-0;14741-2;0;9993
2;35054;86.3429;63.0103;5255;24.9146;335.2321;14.67771811;
IRIDIUM;33;DEB;;;;;;
1;35077U;97051PC;16151.97572;0.0000877;00000-0;12250-2;0;9991
2;35077;86.2784;36.8411;34058;273.3237;86.4086;14.77140622;
IRIDIUM;33;DEB;;;;;;
1;35078U;97051PD;16151.22518;0.00021904;00000-0;22042-2;0;9990
2;35078;86.3796;70.1895;4254;143.3175;9.5817;14.91089702;
IRIDIUM;33;DEB;;;;;;
1;35080U;97051PF;16151.14813;0.00002622;00000-0;12741-2;0;9998
2;35080;86.2438;106.6308;182061;162.2302;257.2485;14.09647393;
IRIDIUM;33;DEB;;;;;;
1;35293U;97051PH;16151.34689;0.00008592;00000-0;82588-3;0;9992
2;35293;86.3145;19.198;23257;165.4546;194.7357;14.92702962;
IRIDIUM;33;DEB;;;;;;
1;35294U;97051PJ;16150.71547;0.00002459;00000-0;59058-3;0;9996
2;35294;86.3311;58.7203;12923;22.4994;9.177;14.5300166;
IRIDIUM;33;DEB;;;;;;
1;35296U;97051PL;16151.02021;0.00001512;00000-0;40074-3;0;9992
2;35296;86.3149;55.3756;19152;16.4602;343.7218;14.48026961;
IRIDIUM;33;DEB;;;;;;
1;35297U;97051PM;16152.11006;0.00000508;00000-0;17056-3;0;9998
2;35297;86.3911;89.1364;19635;48.08;9.2468;14.35142525;
IRIDIUM;33;DEB;;;;;;
1;35299U;97051PP;16150.26336;0.00000623;00000-0;24880-3;0;9996
2;35299;86.2971;79.9969;60518;209.8134;303.1094;14.25926276;
IRIDIUM;33;DEB;;;;;;
1;35477U;97051PX;16151.65217;0.00005573;00000-0;19281-2;0;9997
2;35477;86.3772;123.8038;98736;322.3097;37.1207;14.32867851;
IRIDIUM;33;DEB;;;;;;
1;35478U;97051PY;16149.65729;0.000081;00000-0;16708-2;0;9999
2;35478;86.449;119.1769;59580;117.4117;243.3171;14.59208792;
IRIDIUM;33;DEB;;;;;;
1;35480U;97051QA;16152.08413;0.00000532;00000-0;16553-3;0;9998
2;35480;86.3623;73.1026;19320;77.5335;339.2477;14.39066021;
IRIDIUM;33;DEB;;;;;;
1;35483U;97051QD;16151.16791;0.00003223;00000-0;94495-3;0;9999
2;35483;86.4319;116.5449;63502;143.9871;216.5634;14.42430604;
IRIDIUM;33;DEB;;;;;;
1;35484U;97051QE;16145.09345;0.00001524;00000-0;39662-3;0;9992
2;35484;86.3869;72.6477;55711;46.6431;313.9394;14.48053434;
IRIDIUM;33;DEB;;;;;;
1;35487U;97051QH;16152.12607;0.00005613;00000-0;14397-2;0;9990
2;35487;86.3408;88.1877;57194;121.5043;296.0837;14.49164297;
IRIDIUM;33;DEB;;;;;;
1;35488U;97051QJ;16151.4408;0.00000812;00000-0;18447-3;0;9993
2;35488;86.3398;43.8971;42995;357.2526;2.8437;14.54204674;
IRIDIUM;33;DEB;;;;;;
1;35615U;97051QM;16151.70791;0.00021856;00000-0;19023-2;0;9994
2;35615;86.3575;46.1466;10296;349.4052;10.6959;14.9678993;
IRIDIUM;33;DEB;;;;;;
1;35616U;97051QN;16151.06697;0.00000974;00000-0;25417-3;0;9996
2;35616;86.3681;64.6021;22939;55.3847;304.9515;14.4837008;
IRIDIUM;33;DEB;;;;;;
1;35617U;97051QP;16149.64362;0.00015469;00000-0;24136-2;0;9996
2;35617;86.5019;124.4182;54339;44.1399;316.4134;14.71790711;
IRIDIUM;33;DEB;;;;;;
1;35618U;97051QQ;16150.47241;0.00000481;00000-0;13553-3;0;9994
2;35618;86.3442;58.9546;35496;65.7935;294.6969;14.43396737;
IRIDIUM;33;DEB;;;;;;
1;35622U;97051QU;16150.63938;0.00000831;00000-0;24704-3;0;9991
2;35622;86.2257;34.5201;24564;82.6634;306.5219;14.41863079;
IRIDIUM;33;DEB;;;;;;
1;35624U;97051QW;16151.27208;0.00007795;00000-0;16883-2;0;9994
2;35624;86.3588;87.8978;55298;108.4989;252.224;14.57129456;
IRIDIUM;33;DEB;;;;;;
1;35625U;97051QX;16150.07779;0.00000958;00000-0;46605-3;0;9993
2;35625;86.2021;77.3634;135193;68.4634;348.5484;14.12485867;
IRIDIUM;33;DEB;;;;;;
1;35627U;97051QZ;16152.07543;0.00005399;00000-0;14499-2;0;9997
2;35627;86.3522;83.6546;42192;80.0692;280.527;14.47427027;
IRIDIUM;33;DEB;;;;;;
1;35628U;97051RA;16150.52894;0.00000811;00000-0;23554-3;0;9990
2;35628;86.3663;72.5067;22194;67.2762;293.0781;14.43053559;
IRIDIUM;33;DEB;;;;;;
1;35629U;97051RB;16151.29082;0.00006957;00000-0;17158-2;0;9992
2;35629;86.3786;106.2383;89403;181.9148;178.1728;14.4961035;
IRIDIUM;33;DEB;;;;;;
1;35631U;97051RD;16150.27517;0.00000196;00000-0;53935-4;0;9994
2;35631;86.3707;69.4923;21135;120.7942;8.9981;14.41534698;
IRIDIUM;33;DEB;;;;;;
1;35632U;97051RE;16150.21639;0.00002953;00000-0;12247-2;0;9995
2;35632;86.4285;138.3376;127502;346.938;12.8515;14.21957842;
IRIDIUM;33;DEB;;;;;;
1;35678U;97051RG;16151.74954;0.0000673;00000-0;10928-2;0;9990
2;35678;86.3585;58.6864;4820;349.3529;10.7584;14.71023285;
IRIDIUM;33;DEB;;;;;;
1;35679U;97051RH;16152.01334;0.00014821;00000-0;20592-2;0;9991
2;35679;86.3243;62.2704;29308;0.876;359.2505;14.77488059;
IRIDIUM;33;DEB;;;;;;
1;35680U;97051RJ;16151.55284;0.00000485;00000-0;27900-3;0;9997
2;35680;86.112;78.3696;198139;263.754;222.9799;13.98129275;
IRIDIUM;33;DEB;;;;;;
1;35732U;97051RK;16151.98541;0.00003568;00000-0;10131-2;0;9998
2;35732;86.2432;51.6461;50006;110.3334;250.325;14.44453701;
IRIDIUM;33;DEB;;;;;;
1;35735U;97051RN;16151.46741;0.00008099;00000-0;96734-3;0;9991
2;35735;86.3812;49.3776;10530;267.0806;92.9212;14.84068622;
IRIDIUM;33;DEB;;;;;;
1;35737U;97051RQ;16151.19322;0.0000506;00000-0;13498-2;0;9996
2;35737;86.4307;116.336;53101;155.1672;266.5986;14.47419602;
IRIDIUM;33;DEB;;;;;;
1;35739U;97051RS;16151.18194;0.00007682;00000-0;17861-2;0;9990
2;35739;86.3945;105.634;64517;145.3023;215.2419;14.53520888;
IRIDIUM;33;DEB;;;;;;
1;35742U;97051RV;16151.82599;0.00006765;00000-0;16585-2;0;9997
2;35742;86.4339;107.2448;57298;31.9755;328.4906;14.51311709;
IRIDIUM;33;DEB;;;;;;
1;35744U;97051RX;16151.4683;0.00000805;00000-0;20698-3;0;9992
2;35744;86.3388;52.3316;35586;33.7458;326.6;14.48570829;
IRIDIUM;33;DEB;;;;;;
1;35745U;97051RY;16151.62706;0.00006713;00000-0;19576-2;0;9992
2;35745;86.3596;112.8167;83710;240.6002;118.6823;14.41977659;
IRIDIUM;33;DEB;;;;;;
1;35747U;97051SA;16132.59701;0.00000693;00000-0;35003-3;0;9993
2;35747;86.1516;83.9714;171745;247.7285;110.4128;14.07634652;
IRIDIUM;33;DEB;;;;;;
1;35748U;97051SB;16136.56209;0.00035745;00000-0;28875-2;0;9998
2;35748;86.3724;66.5924;7732;94.9115;265.2999;14.99643005;
IRIDIUM;33;DEB;;;;;;
1;35749U;97051SC;16152.0808;0.00002285;00000-0;57283-3;0;9996
2;35749;86.38;74.4405;15614;270.4338;89.5078;14.50948;
IRIDIUM;33;DEB;;;;;;
1;35797U;97051SF;16151.04109;0.00000959;00000-0;24730-3;0;9996
2;35797;86.3497;57.8422;27595;44.6887;315.6534;14.48835368;
IRIDIUM;33;DEB;;;;;;
1;35799U;97051SH;16152.20867;0.00001953;00000-0;49694-3;0;9992
2;35799;85.9384;310.243;83283;31.5841;329.0321;14.48102775;
IRIDIUM;33;DEB;;;;;;
1;35800U;97051SJ;16150.57819;0.00006565;00000-0;74766-3;0;9996
2;35800;86.2691;10.6268;28127;202.8938;157.1035;14.85744495;
IRIDIUM;33;DEB;;;;;;
1;35802U;97051SL;16151.27397;0.00004078;00000-0;13163-2;0;9996
2;35802;86.4594;132.6082;78420;222.2644;198.0065;14.37221457;
IRIDIUM;33;DEB;;;;;;
1;35805U;97051SP;16151.3397;0.00003971;00000-0;15832-2;0;9994
2;35805;86.3231;106.9798;128090;325.7074;33.5893;14.23987541;
IRIDIUM;33;DEB;;;;;;
1;35806U;97051SQ;16151.0898;0.00000752;00000-0;24205-3;0;9998
2;35806;86.3506;75.4369;20498;55.3259;304.9866;14.37905286;
IRIDIUM;33;DEB;;;;;;
1;35809U;97051ST;16151.03357;0.00000906;00000-0;24751-3;0;9998
2;35809;86.3395;59.1044;26829;55.4048;0.4506;14.4604878;
IRIDIUM;33;DEB;;;;;;
1;35844U;97051SU;16150.43784;0.00009678;00000-0;11612-2;0;9991
2;35844;86.3091;35.3129;19100;19.3992;340.7954;14.8380119;
IRIDIUM;33;DEB;;;;;;
1;35846U;97051SW;16150.79356;0.00000395;00000-0;13367-3;0;9995
2;35846;86.38;87.4128;21990;59.0198;301.3154;14.34230177;
IRIDIUM;33;DEB;;;;;;
1;35848U;97051SY;16151.10342;0.00000913;00000-0;24396-3;0;9992
2;35848;86.4014;77.1773;19279;62.5487;297.7674;14.47190541;
IRIDIUM;33;DEB;;;;;;
1;35850U;97051TA;16152.0366;0.00000973;00000-0;25685-3;0;9990
2;35850;86.3619;63.0609;22636;53.4216;306.9066;14.47809974;
IRIDIUM;33;DEB;;;;;;
1;35851U;97051TB;16151.1827;0.00005697;00000-0;13810-2;0;9997
2;35851;86.419;107.6751;66975;103.9724;256.8941;14.51445241;
IRIDIUM;33;DEB;;;;;;
1;35853U;97051TD;16152.09581;0.00005283;00000-0;14245-2;0;9995
2;35853;86.3036;77.8745;72939;112.1352;248.7613;14.4616491;
IRIDIUM;33;DEB;;;;;;
1;35856U;97051TG;16151.23173;0.00002124;00000-0;40662-3;0;9994
2;35856;86.3756;70.3634;40078;305.0924;207.3851;14.62882717;
IRIDIUM;33;DEB;;;;;;
1;35857U;97051TH;16151.10275;0.0000152;00000-0;30904-3;0;9998
2;35857;86.4329;78.088;42205;15.4043;344.844;14.59895998;
IRIDIUM;33;DEB;;;;;;
1;35858U;97051TJ;16152.10854;0.00004842;00000-0;11882-2;0;9997
2;35858;86.3673;86.5363;42321;53.1556;307.3518;14.51676279;
IRIDIUM;33;DEB;;;;;;
1;35862U;97051TN;16152.05341;0.00005727;00000-0;97150-3;0;9990
2;35862;86.3752;68.1376;18717;282.2214;133.4586;14.68971137;
IRIDIUM;33;DEB;;;;;;
1;35863U;97051TP;16151.82551;0.00003833;00000-0;11568-2;0;9994
2;35863;86.3467;92.8239;59485;180.1826;210.2869;14.4123037;
IRIDIUM;33;DEB;;;;;;
1;35911U;97051TU;16151.21654;0.00002099;00000-0;83602-3;0;9997
2;35911;86.2369;72.545;93874;287.8007;71.2958;14.25824345;
IRIDIUM;33;DEB;;;;;;
1;35915U;97051TY;16150.04883;0.0000099;00000-0;26453-3;0;9999
2;35915;86.3568;63.8515;26896;52.6359;307.7288;14.4718228;
IRIDIUM;33;DEB;;;;;;
1;35917U;97051UA;16131.59158;0.00002818;00000-0;60242-3;0;9995
2;35917;86.3861;78.8852;23692;44.6287;315.6824;14.58316327;
IRIDIUM;33;DEB;;;;;;
1;35918U;97051UB;16152.13727;0.00000754;00000-0;25730-3;0;9992
2;35918;86.4081;97.8428;34441;93.2205;322.2521;14.34796971;
IRIDIUM;33;DEB;;;;;;
1;35921U;97051UE;16151.24249;0.00002929;00000-0;12406-2;0;9995
2;35921;86.4172;147.3141;154954;66.5681;355.7106;14.18881752;
IRIDIUM;33;DEB;;;;;;
1;35922U;97051UF;16140.57308;0.00002495;00000-0;61808-3;0;9995
2;35922;86.392;80.4635;35061;58.1228;302.3381;14.512178;
IRIDIUM;33;DEB;;;;;;
1;35925U;97051UJ;16151.48496;0.00006773;00000-0;11525-2;0;9993
2;35925;86.3192;52.7368;9117;224.9517;135.096;14.68948334;
IRIDIUM;33;DEB;;;;;;
1;35926U;97051UK;16151.74071;0.00002668;00000-0;58980-3;0;9997
2;35926;86.3483;57.1697;13823;50.354;309.8885;14.5687641;
IRIDIUM;33;DEB;;;;;;
1;35929U;97051UN;16151.46485;0.0000113;00000-0;26747-3;0;9995
2;35929;86.3533;53.2887;33166;14.5445;345.6707;14.52894638;
IRIDIUM;33;DEB;;;;;;
1;36011U;97051US;16150.60005;0.00000379;00000-0;12899-3;0;9990
2;36011;86.3452;76.6169;23087;87.6647;30.5347;14.33815;
IRIDIUM;33;DEB;;;;;;
1;36012U;97051UT;16151.12512;0.0000092;00000-0;56868-3;0;9998
2;36012;86.4599;206.8969;306071;81.7089;281.8657;13.83525024;
IRIDIUM;33;DEB;;;;;;
1;36017U;97051UY;16150.05962;0.00006308;00000-0;99186-3;0;9991
2;36017;86.3704;62.8411;13087;253.2813;163.8757;14.72364899;
IRIDIUM;33;DEB;;;;;;
1;36019U;97051VA;16151.79915;0.00001876;00000-0;45488-3;0;9999
2;36019;86.3962;73.9567;10982;93.6282;320.0822;14.52439765;
IRIDIUM;33;DEB;;;;;;
1;36021U;97051VC;16152.21934;0.00003884;00000-0;14616-2;0;9995
2;36021;86.424;134.8039;122731;323.5637;35.7245;14.27213955;
IRIDIUM;33;DEB;;;;;;
1;36023U;97051VE;16151.53036;0.00003342;00000-0;86542-3;0;9994
2;36023;86.3422;71.6259;31287;31.4408;328.8657;14.49300476;
IRIDIUM;33;DEB;;;;;;
1;36025U;97051VG;16151.30429;0.00006045;00000-0;15574-2;0;9995
2;36025;86.5648;158.1303;72586;137.8125;222.8697;14.48362978;
IRIDIUM;33;DEB;;;;;;
1;36028U;97051VK;16152.03623;0.00001072;00000-0;25715-3;0;9996
2;36028;86.3399;49.3586;35914;9.7829;350.4068;14.52187447;
IRIDIUM;33;DEB;;;;;;
1;36081U;97051VN;16152.03738;0.0000243;00000-0;76104-3;0;9992
2;36081;86.2403;57.6627;65642;172.2291;187.9941;14.39046746;
IRIDIUM;33;DEB;;;;;;
1;36083U;97051VQ;16150.53403;0.0000057;00000-0;19383-3;0;9994
2;36083;86.3476;76.6563;31987;109.1315;251.3349;14.34527836;
IRIDIUM;33;DEB;;;;;;
1;36390U;97051VU;16150.9706;0.00001203;00000-0;30700-3;0;9998
2;36390;86.3066;42.3892;46637;16.3953;343.8746;14.49094835;
IRIDIUM;33;DEB;;;;;;
1;36482U;97051VY;16131.56018;0.00002124;00000-0;53077-3;0;9996
2;36482;86.3459;64.5434;22202;109.8959;250.4641;14.50975205;
IRIDIUM;33;DEB;;;;;;
1;36483U;97051VZ;16151.52896;0.00000468;00000-0;15333-3;0;9997
2;36483;86.3844;84.3953;11940;53.759;306.4709;14.36343055;
IRIDIUM;33;DEB;;;;;;
1;36485U;97051WB;16151.28283;0.00003787;00000-0;14833-2;0;9998
2;36485;86.4411;145.8824;140771;4.256;355.979;14.23962095;
IRIDIUM;33;DEB;;;;;;
1;36486U;97051WC;16150.1798;0.00002592;00000-0;54960-3;0;9996
2;36486;86.3577;59.4064;15931;4.8702;355.2659;14.58767402;
IRIDIUM;33;DEB;;;;;;
1;36487U;97051WD;16150.73851;0.00001909;00000-0;98164-3;0;9994
2;36487;86.3785;149.7883;170833;186.6294;173.2629;14.07562931;
IRIDIUM;33;DEB;;;;;;
1;36488U;97051WE;16139.15022;0.00023214;00000-0;25293-2;0;9992
2;36488;86.4307;91.9536;9180;244.7808;115.2466;14.87851131;
IRIDIUM;33;DEB;;;;;;
1;36489U;97051WF;16145.12672;0.00009136;00000-0;13751-2;0;9990
2;36489;86.418;84.8446;8650;326.413;33.6539;14.74325704;
IRIDIUM;33;DEB;;;;;;
1;36490U;97051WG;16151.07918;0.00001048;00000-0;29730-3;0;9992
2;36490;86.3791;74.8349;3176;102.4472;257.7085;14.4458078;
IRIDIUM;33;DEB;;;;;;
1;36491U;97051WH;16146.50389;0.00040341;00000-0;29970-2;0;9999
2;36491;86.3208;63.0592;28058;284.6558;75.2027;15.02523369;
IRIDIUM;33;DEB;;;;;;
1;36492U;97051WJ;16150.56263;0.00002675;00000-0;64325-3;0;9991
2;36492;86.4262;90.293;10844;285.2681;74.7327;14.52996474;
IRIDIUM;33;DEB;;;;;;
1;36493U;97051WK;16151.52152;0.00000832;00000-0;24483-3;0;9999
2;36493;86.3662;72.5773;19394;65.6213;294.7009;14.42467101;
IRIDIUM;33;DEB;;;;;;
1;36495U;97051WM;16151.06076;0.0001095;00000-0;15350-2;0;9995
2;36495;86.3967;80.9325;10723;305.6935;54.3286;14.77367993;
IRIDIUM;33;DEB;;;;;;
1;36497U;97051WP;16149.43073;0.00001144;00000-0;38069-3;0;9997
2;36497;86.1631;22.9658;76902;65.6226;54.3938;14.35152946;
IRIDIUM;33;DEB;;;;;;
1;36563U;97051WS;16150.51698;0.00005517;00000-0;10122-2;0;9994
2;36563;86.3574;66.0887;30711;19.6318;340.607;14.65283339;
IRIDIUM;33;DEB;;;;;;
1;36566U;97051WV;16148.75969;0.00002789;00000-0;13206-2;0;9992
2;36566;86.4285;165.7382;178882;189.5747;170.2014;14.11289869;
IRIDIUM;33;DEB;;;;;;
1;36568U;97051WX;16151.04507;0.00009064;00000-0;55065-3;0;9994
2;36568;86.2905;18.5082;21147;80.372;279.9906;15.10159876;
IRIDIUM;33;DEB;;;;;;
1;36642U;97051XC;16150.52302;0.0000401;00000-0;85132-3;0;9996
2;36642;86.3715;74.8063;19814;286.6408;73.2625;14.58811374;
IRIDIUM;33;DEB;;;;;;
1;37136U;97051XG;16138.03879;0.00000699;00000-0;31173-3;0;9991
2;37136;86.1779;57.3472;85948;336.7202;23.0101;14.19501616;
IRIDIUM;33;DEB;;;;;;
1;37548U;97051XH;16150.09898;0.00000928;00000-0;32342-3;0;9990
2;37548;86.3586;85.0207;33309;104.5525;255.9369;14.34034683;
IRIDIUM;33;DEB;;;;;;
1;37549U;97051XJ;16152.11704;0.00005278;00000-0;13304-2;0;9993
2;37549;86.385;95.9127;51717;63.5788;297.071;14.50159391;
IRIDIUM;33;DEB;;;;;;
1;37550U;97051XK;16150.55509;0.00000777;00000-0;22577-3;0;9990
2;37550;86.3864;78.7567;1238;104.8471;255.2867;14.43097684;
IRIDIUM;33;DEB;;;;;;
1;37554U;97051XP;16152.1374;0.00164908;00000-0;53154-2;0;9994
2;37554;86.3634;47.3236;13650;301.4273;58.5641;15.31423276;
IRIDIUM;33;DEB;;;;;;
1;37555U;97051XQ;16151.63717;0.0000687;00000-0;16893-2;0;9998
2;37555;86.4606;115.5347;37542;81.0112;279.5339;14.51745531;
IRIDIUM;33;DEB;;;;;;
1;37557U;97051XS;16152.20985;0.0000361;00000-0;14402-2;0;9994
2;37557;86.3868;133.9843;128946;51.0992;310.1613;14.23845553;
IRIDIUM;33;DEB;;;;;;
1;37558U;97051XT;16152.10211;0.00002427;00000-0;65405-3;0;9997
2;37558;86.4057;95.0125;88468;120.7046;240.2911;14.45234626;
IRIDIUM;33;DEB;;;;;;
1;37560U;97051XV;16148.67403;0.0000375;00000-0;12844-2;0;9998
2;37560;86.3916;124.3586;99866;308.7195;177.8083;14.33235546;
IRIDIUM;33;DEB;;;;;;
1;37562U;97051XX;16151.61104;0.00000775;00000-0;24870-3;0;9990
2;37562;86.3823;84.9558;33915;89.0101;29.9564;14.37880828;
IRIDIUM;33;DEB;;;;;;
1;37564U;97051XZ;16152.17699;0.00252566;00000-0;52048-2;0;9991
2;37564;86.3421;47.9883;8332;102.7851;257.4337;15.44942165;
IRIDIUM;33;DEB;;;;;;
1;37565U;97051YA;16152.06047;0.00000486;00000-0;14364-3;0;9993
2;37565;86.3548;66.2024;17022;91.4904;326.3184;14.41445104;
IRIDIUM;33;DEB;;;;;;
1;37566U;97051YB;16151.58619;0.00027019;00000-0;33904-2;0;9996
2;37566;86.4462;98.3196;30884;52.5461;307.8563;14.81701795;
IRIDIUM;33;DEB;;;;;;
1;38016U;97051YC;16151.11236;0.00010316;00000-0;18479-2;0;9995
2;38016;86.4022;95.1361;41302;30.897;24.3803;14.66157596;
IRIDIUM;33;DEB;;;;;;
1;38017U;97051YD;16150.95108;0.00001985;00000-0;11225-2;0;9990
2;38017;86.3585;148.6945;188460;247.4459;110.668;14.01215437;
IRIDIUM;33;DEB;;;;;;
1;38018U;97051YE;16143.9839;0.0002484;00000-0;20032-2;0;9997
2;38018;86.2556;25.3863;3227;36.7713;323.3739;14.99770518;
IRIDIUM;33;DEB;;;;;;
1;38019U;97051YF;16152.19736;0.00004525;00000-0;13628-2;0;9992
2;38019;86.3996;120.2092;86809;253.9809;105.1816;14.4022006;
IRIDIUM;33;DEB;;;;;;
1;38020U;97051YG;16150.25184;0.00003034;00000-0;14008-2;0;9993
2;38020;86.3129;131.031;186678;189.0432;170.7376;14.11907401;
IRIDIUM;33;DEB;;;;;;
1;38022U;97051YJ;16152.0614;0.00000398;00000-0;15248-3;0;9993
2;38022;86.2862;71.2063;57443;165.1956;195.0935;14.27131931;
IRIDIUM;33;DEB;;;;;;
1;38023U;97051YK;16151.68356;0.0000599;00000-0;20163-2;0;9998
2;38023;86.4214;137.5565;105848;337.3292;22.3245;14.33823183;
IRIDIUM;33;DEB;;;;;;
1;38024U;97051YL;16148.74416;0.00003189;00000-0;12074-2;0;9991
2;38024;86.4782;155.0211;129223;7.7227;352.5913;14.26417935;
IRIDIUM;33;DEB;;;;;;
1;38025U;97051YM;16142.89368;0.00004263;00000-0;18896-2;0;9996
2;38025;86.4956;180.4703;182095;178.5321;302.7987;14.14449485;
IRIDIUM;33;DEB;;;;;;
1;38028U;97051YQ;16152.0493;0.00000281;00000-0;83142-4;0;9992
2;38028;86.3303;60.3559;31177;85.3848;275.0911;14.39459295;
IRIDIUM;33;DEB;;;;;;
1;38030U;97051YS;16150.64265;0.00004975;00000-0;13117-2;0;9992
2;38030;86.3694;112.0908;80596;220.6905;138.826;14.46889136;
IRIDIUM;33;DEB;;;;;;
1;38033U;97051YV;16151.07848;0.00005422;00000-0;71774-3;0;9996
2;38033;86.2803;18.3057;20946;260.6174;99.2678;14.79610167;
IRIDIUM;33;DEB;;;;;;
1;38034U;97051YW;16151.92503;0.00040405;00000-0;19129-2;0;9995
2;38034;86.338;30.8556;4341;240.2257;119.8554;15.1916661;
IRIDIUM;33;DEB;;;;;;
1;38224U;97051YY;16152.20245;0.00004981;00000-0;17379-2;0;9999
2;38224;86.3898;124.8318;95283;323.1917;36.276;14.3262211;
IRIDIUM;33;DEB;;;;;;
1;38225U;97051YZ;16150.77779;0.00002359;00000-0;12778-2;0;9992
2;38225;86.3601;153.6274;200687;266.1392;219.4541;14.02448885;
IRIDIUM;33;DEB;;;;;;
1;38226U;97051ZA;16151.25097;0.00005625;00000-0;13946-2;0;9997
2;38226;86.3795;80.9262;14980;39.6001;320.6295;14.51708674;
IRIDIUM;33;DEB;;;;;;
1;38227U;97051ZB;16145.45461;0.00001643;00000-0;42498-3;0;9990
2;38227;86.3152;54.9407;11855;60.5502;299.6884;14.49332333;
IRIDIUM;33;DEB;;;;;;
1;38228U;97051ZC;16137.61134;0.00000376;00000-0;15630-3;0;9997
2;38228;86.2966;85.9503;64602;236.2644;248.9766;14.22749018;
IRIDIUM;33;DEB;;;;;;
1;38229U;97051ZD;16150.33706;0.00001541;00000-0;94338-3;0;9998
2;38229;86.3769;173.4452;236335;353.0624;6.7293;13.92421597;
IRIDIUM;33;DEB;;;;;;
1;38231U;97051ZF;16152.02008;0.00011271;00000-0;19505-2;0;9996
2;38231;86.2515;46.5482;49392;24.9759;33.1909;14.67444711;
IRIDIUM;33;DEB;;;;;;
1;38232U;97051ZG;16150.23188;0.00004186;00000-0;13272-2;0;9992
2;38232;86.4598;142.5725;97239;270.2902;88.7153;14.37179168;
IRIDIUM;33;DEB;;;;;;
1;38233U;97051ZH;16141.22652;0.00003784;00000-0;17888-2;0;9996
2;38233;86.2037;105.4108;164205;180.2212;246.4917;14.12667438;
IRIDIUM;33;DEB;;;;;;
1;38235U;97051ZK;16151.52467;0.00006969;00000-0;13007-2;0;9991
2;38235;86.3946;77.9572;16219;22.879;337.3142;14.64775428;
IRIDIUM;33;DEB;;;;;;
1;38237U;97051ZM;16149.75212;0.0000681;00000-0;11382-2;0;9997
2;38237;86.3796;73.9244;11855;318.9406;71.9233;14.69716353;
IRIDIUM;33;DEB;;;;;;
1;38241U;97051ZR;16152.05868;0.00000808;00000-0;24260-3;0;9993
2;38241;86.329;59.9252;6164;83.6106;276.5796;14.41517727;
IRIDIUM;33;DEB;;;;;;
1;38243U;97051ZT;16151.5663;0.00002272;00000-0;53110-3;0;9991
2;38243;86.3773;74.2534;41562;354.1248;5.9465;14.53737459;
IRIDIUM;33;DEB;;;;;;
1;38244U;97051ZU;16151.09944;0.00008258;00000-0;11579-2;0;9998
2;38244;86.4311;80.9253;14679;86.0307;274.259;14.77305711;
IRIDIUM;33;DEB;;;;;;
1;38468U;97051ZV;16151.59051;0.00002012;00000-0;74689-3;0;9997
2;38468;86.355;105.1876;83604;258.0726;101.1085;14.29860285;
IRIDIUM;33;DEB;;;;;;
1;38469U;97051ZW;16152.16925;0.0000291;00000-0;13302-2;0;9996
2;38469;86.2817;118.3202;191470;114.5421;247.5854;14.11925314;
IRIDIUM;33;DEB;;;;;;
1;38470U;97051ZX;16137.34251;0.00004636;00000-0;16270-2;0;9995
2;38470;86.4979;158.0754;107593;325.8902;93.8086;14.31636308;
IRIDIUM;33;DEB;;;;;;
1;38471U;97051ZY;16149.95318;0.00008833;00000-0;12264-2;0;9993
2;38471;86.2838;38.4649;18387;315.7444;44.2304;14.77686483;
IRIDIUM;33;DEB;;;;;;
1;38472U;97051ZZ;16147.0732;0.00022467;00000-0;18338-2;0;9996
2;38472;86.3988;75.3802;2380;225.4349;189.85;14.99317683;
IRIDIUM;33;DEB;;;;;;
1;38474U;97051AAB;16152.05978;0.00001025;00000-0;31643-3;0;9995
2;38474;86.3464;66.4613;32655;77.9546;282.5309;14.40121329;
IRIDIUM;33;DEB;;;;;;
1;38477U;97051AAE;16150.0839;0.00001158;00000-0;11559-2;0;9998
2;38477;86.4278;272.3405;474413;313.0948;43.1394;13.36956875;
IRIDIUM;33;DEB;;;;;;
1;39594U;97051AAG;16141.15702;0.0000188;00000-0;53826-3;0;9990
2;39594;86.4081;93.1656;13789;21.2155;338.9615;14.44506984;
IRIDIUM;33;DEB;;;;;;
1;39595U;97051AAH;16147.55959;0.00003463;00000-0;77242-3;0;9992
2;39595;86.3757;88.6669;57267;45.4736;315.1129;14.55565485;
IRIDIUM;33;DEB;;;;;;
1;39777U;97051AAJ;16150.81842;0.0000145;00000-0;59628-3;0;9996
2;39777;85.9795;353.1494;94314;278.448;80.6028;14.23990139;
IRIDIUM;33;DEB;;;;;;
1;39778U;97051AAK;16150.56022;0.00000594;00000-0;18748-3;0;9990
2;39778;86.3852;83.8998;11469;22.6494;337.5208;14.3863579;
IRIDIUM;33;DEB;;;;;;
1;39779U;97051AAL;16152.05659;0.00001473;00000-0;51798-3;0;9991
2;39779;86.2965;76.9925;68653;159.8113;257.8249;14.32952378;
IRIDIUM;33;DEB;;;;;;
1;39782U;97051AAP;16151.08344;0.00004085;00000-0;77135-3;0;9999
2;39782;86.4183;76.9959;17365;13.6715;42.6254;14.6415504;
IRIDIUM;33;DEB;;;;;;
1;39783U;97051AAQ;16151.94621;0.0000175;00000-0;59213-3;0;9998
2;39783;86.1736;35.9013;69514;196.3906;221.5028;14.34971357;
IRIDIUM;33;DEB;;;;;;
1;39786U;97051AAT;16151.75971;0.0000483;00000-0;97139-3;0;9996
2;39786;86.3717;69.2506;5313;298.6842;90.5112;14.61427907;
IRIDIUM;33;DEB;;;;;;
1;39787U;97051AAU;16150.97394;0.00000808;00000-0;21186-3;0;9991
2;39787;86.2118;29.8574;45976;91.0377;332.3545;14.47386103;
IRIDIUM;33;DEB;;;;;;
1;39788U;97051AAV;16151.20665;0.0003078;00000-0;55179-2;0;9996
2;39788;86.3334;132.6368;102830;113.862;247.3409;14.63196624;
IRIDIUM;33;DEB;;;;;;
1;39789U;97051AAW;16152.14007;0.00054657;00000-0;33776-2;0;9993
2;39789;86.5286;104.9567;43845;71.4703;289.1291;15.08814868;
IRIDIUM;33;DEB;;;;;;
1;39790U;97051AAX;16151.35529;0.00003772;00000-0;85893-3;0;9991
2;39790;86.1898;11.5422;45947;45.3359;315.1578;14.55006929;
IRIDIUM;33;DEB;;;;;;
1;39791U;97051AAY;16139.3973;0.00007711;00000-0;29590-2;0;9995
2;39791;86.3752;165.4372;160997;277.439;146.5295;14.23519746;
IRIDIUM;33;DEB;;;;;;
1;39792U;97051AAZ;16141.38428;0.00002193;00000-0;12389-2;0;9998
2;39792;86.4437;176.9216;183233;271.2871;86.7322;14.01773675;
IRIDIUM;33;DEB;;;;;;
1;39793U;97051ABA;16151.45978;0.00013671;00000-0;13255-2;0;9993
2;39793;86.369;54.8209;3083;258.5532;101.535;14.92591175;
IRIDIUM;33;DEB;;;;;;
1;40992U;97051ABE;16150.46115;0.00002551;00000-0;57427-3;0;9996
2;40992;86.3095;49.826;26412;22.9494;101.3883;14.55867387;
IRIDIUM;33;DEB;;;;;;
1;40993U;97051ABF;16151.06163;0.00004204;00000-0;90468-3;0;9997
2;40993;86.3783;77.1535;20883;343.4374;72.6544;14.58179793;
IRIDIUM;33;DEB;;;;;;
1;40994U;97051ABG;16151.05384;0.00003334;00000-0;64051-3;0;9996
2;40994;86.3949;66.9585;12359;28.517;331.6715;14.63373677;88479
IRIDIUM;33;DEB;;;;;;
1;40995U;97051ABH;16151.13329;0.00001658;00000-0;48019-3;0;9996
2;40995;86.3915;90.1927;44669;86.0648;331.7676;14.43319894;
IRIDIUM;33;DEB;;;;;;
1;40996U;97051ABJ;16149.24733;0.00001148;00000-0;32154-3;0;9993
2;40996;86.3759;76.0417;8807;274.4629;240.8081;14.4529165;
IRIDIUM;33;DEB;;;;;;
1;40997U;97051ABK;16152.02944;0.00012368;00000-0;16614-2;0;9990
2;40997;86.3618;63.4736;9709;181.1552;178.9648;14.79186339;
IRIDIUM;33;DEB;;;;;;
1;40998U;97051ABL;16151.5576;0.00000425;00000-0;13784-3;0;9994
2;40998;86.3872;84.6181;9289;12.5101;112.4556;14.3666742;